Chr,MoC
chr21,0.8047685308681138
Whole genome,0.8047685308681138
